segment_id,mean_slope,dur_min,delta_pct,pump_on_share
0,-0.009976689976692807,15.0,-0.11972027972031185,0.0
1,-0.03980429292931461,9.0,-0.44743589743589496,0.0
2,0.00791666666664471,15.0,0.137412587412598,0.0
3,0.033194444444422266,9.0,0.36829836829838314,0.0
4,-0.002180879125538533,1077.0,-2.593924825174824,0.11142061281337047
5,0.028371212121190863,12.0,0.3271561771561693,1.0
6,-0.0012278828554211057,894.0,-1.1188811188811059,0.053691275167785234
7,-0.03348484848487006,9.0,-0.3374125874125724,0.0
8,-0.0008531258531472772,333.0,0.02276612276612866,0.0
9,-0.036949494949515965,15.0,-0.7483553483553607,0.2
10,0.006447811447790365,9.0,-0.024423724423726867,1.0
11,0.04186868686866594,15.0,0.8442890442890558,1.0
12,-0.008225108225129412,63.0,-0.6041958041958111,0.23809523809523808
13,-0.025346320346341548,21.0,-0.4629370629370726,0.0
14,-0.007818181818202529,375.0,-2.9157342657342724,0.0
15,-0.024090909090929452,9.0,-0.2032634032633922,0.0
16,-0.002258538562906718,897.0,-1.8696969696969887,0.0
17,-0.023131313131332838,9.0,-0.23589743589742795,0.0
18,0.01138888888886903,54.0,0.6669386169386087,0.2777777777777778
19,0.02880681818179825,24.0,0.66083916083916,1.0
20,-7.811680824094642e-05,867.0,0.015967365967355818,0.0726643598615917
21,-0.03479797979799959,9.0,-0.2649184149184123,0.0
22,0.0027171717171517854,15.0,-0.01919191919191121,0.0
23,0.033118686868666626,12.0,0.4791375291375317,0.0
24,-0.0010848947490366475,1965.0,-2.3258741258741367,0.013740458015267175
25,0.029891774891755343,21.0,0.6479020979021044,1.0
26,0.015966810966791124,63.0,0.9010489510489492,1.0
27,0.02799999999997993,15.0,0.34988344988344977,1.0
28,-0.0010078810079013135,819.0,-0.7651515151515156,0.06593406593406594
29,-0.03240530303032293,12.0,-0.36593822843822466,0.0
30,0.01354797979795999,18.0,0.22444638694638286,0.0
31,0.03358585858583881,9.0,0.2863636363636317,0.0
32,-0.003963317384389819,171.0,-0.6744755244755254,0.0
33,-0.04288510101012081,24.0,-1.242579642579642,0.0
34,0.013215488215468413,9.0,0.17517482517482108,0.0
35,0.037045454545434904,18.0,0.7954545454545467,0.0
36,-0.0020108251634182363,204.0,-0.3789044289044199,0.0
37,-0.03714330808082768,12.0,-0.6948572261072172,0.0
38,0.005596590909071541,12.0,0.13987470862471696,0.0
39,0.03287815656563696,30.0,1.0106594794094832,0.8
40,0.012878787878768021,81.0,0.8951048951048932,1.0
41,0.024898989898969656,18.0,0.4562937062936925,1.0
42,-0.00010205144227795095,873.0,-0.0008158508158544464,0.06529209621993128
43,-0.034613636363656754,15.0,-0.6307692307692321,0.0
44,0.004246212121191915,30.0,0.33983100233099606,0.0
45,-0.029343434343454305,9.0,-0.2037296037295988,0.0
46,-5.68181818382591e-05,27.0,0.16847319347320422,0.0
47,-0.02224116161618198,9.0,-0.1850233100233254,0.0
48,0.00130551700206204,393.0,0.5048368298368331,0.09923664122137404
49,0.030939393939374178,15.0,0.48205128205127323,1.0
50,0.009760802469115334,144.0,1.078205128205127,0.875
51,0.0468783068782862,21.0,1.2430069930070005,0.0
52,-0.002840259209765087,408.0,-1.2189685314685335,0.0
53,-0.0363131313131518,9.0,-0.45844988344987314,0.0
54,0.0063594276094071775,9.0,-0.03228438228437369,0.0
55,0.04013888888886835,18.0,0.9289627039626964,0.0
56,-0.0018161616161822196,225.0,-0.24918414918414555,0.0
57,-0.033825757575778305,12.0,-0.7120046620046736,0.0
58,-0.0007016978293779238,423.0,0.19452214452215344,0.0
59,-0.030000000000020413,9.0,-0.431818181818187,0.0
60,-0.006023253367023669,120.0,-0.8690116981783831,0.075
61,0.04999232521289314,51.0,2.692343304843334,1.0
62,0.014555785123946069,132.0,1.9552447552447632,0.8863636363636364
63,-0.047524200336721514,24.0,-1.3905626780626932,0.0
64,0.015618160774389897,48.0,0.7389835858585911,0.0
65,0.032138047138025906,9.0,0.3445804195804243,0.0
66,-0.003441301907989501,75.0,-0.3735819735819632,0.0
67,-0.038359521137320204,9.0,-0.32332944832944577,0.0
68,0.004204545454524379,12.0,0.013286713286703389,0.0
69,0.03632575757573654,12.0,0.6789044289044313,0.0
70,-0.0009525025536471279,534.0,-0.523018648018649,0.0
71,-0.04391233766235827,21.0,-1.1511946386946335,0.0
72,-0.0028300364758906357,108.0,0.0024184149184094395,0.0
73,-0.03510732323234412,12.0,-0.41448135198136526,0.0
74,-0.004769283746576976,66.0,-0.07665112665111451,0.0
75,-0.03191919191921223,9.0,-0.33298368298368075,0.0
76,0.00043560606058551816,66.0,0.42663170163169184,0.0
77,-0.044261363636384304,12.0,-0.8749708624708745,0.0
78,0.0030523989898786166,72.0,0.7285547785547806,0.0
79,-0.026344696969717488,12.0,-0.36896853146852493,0.0
80,0.001397727272706958,30.0,0.4642773892773988,0.0
81,-0.039172659209300645,24.0,-1.0969141535547777,0.0
82,0.00019036089273896033,1263.0,0.19472150390119225,0.14251781472684086
83,0.02658678941084323,42.0,1.087315462315459,0.0
84,0.007790533940204922,36.0,-0.09630331088663979,0.0
85,0.04212752525250477,18.0,0.9745629370629416,0.0
86,0.000566318926954154,183.0,-0.16841491841492484,0.06557377049180328
87,0.030497835497814662,42.0,1.2842657342657304,1.0
88,0.00798174048171926,234.0,1.9703962703962787,0.5384615384615384
89,-0.02791666666668792,12.0,-0.4885780885780804,0.0
90,-0.000575004705460836,483.0,-0.3091491841492058,0.0
91,0.03196969696967595,12.0,0.4731934731934757,0.0
92,-0.011414141414162705,9.0,0.07657342657343236,0.0
93,-0.04867424242426353,12.0,-0.9319930069930251,0.0
94,0.008337542087521204,9.0,0.2287296037296045,0.0
95,0.043143939393918036,9.0,0.5536907536907449,0.0
96,-0.007474747474768356,9.0,-0.1263791763791744,0.0
97,-0.031478061868707996,12.0,-0.5059829059829184,0.0
98,0.001896522038546456,33.0,0.4003715034965012,0.0
99,-0.026060606060626993,9.0,-0.2742424242424306,0.0
100,-0.002291666666687828,12.0,-0.07683566433567535,0.0
101,0.034444444444423385,9.0,0.3889277389277339,0.0
102,0.004522524091468407,87.0,0.4435735560735594,0.0
103,-0.028291245791266878,15.0,-0.4959466459466455,0.0
104,0.0011661255411044992,84.0,0.38269230769230944,0.0
105,-0.040505050505071805,18.0,-0.8214452214452166,0.0
106,0.008303030303009395,15.0,0.17039627039628158,0.0
107,0.03068181818179729,12.0,0.36818181818181017,0.0
108,-0.0017307692307902843,156.0,-0.15536130536131054,0.0
109,-0.03050505050507124,9.0,-0.3090909090909122,0.0
110,-0.004303030303051179,15.0,-0.1341491841491802,0.0
111,0.020404040404019556,9.0,0.23403263403262997,0.0
112,-0.0027689393939604383,60.0,-0.33205128205128176,0.0
113,0.018068181818161014,9.0,0.11468531468531751,0.0
114,-0.009285037878808728,24.0,-0.2668997668997548,0.0
115,-0.039608585858606486,18.0,-0.7629370629370555,0.5
116,-5.281406637473657e-07,21681.0,-0.13880039713372128,0.0762418707624187
117,0.07155443322107856,27.0,2.296063196063187,0.0
118,-0.020802625015609557,9.0,-0.3592981092981091,0.0
119,-0.04076599326601441,9.0,-0.25815850815851604,0.0
120,0.009946051423303069,33.0,0.2385489510489407,0.0
121,0.036166666666645565,15.0,0.680235042735049,0.0
122,0.0019459749004991304,99.0,0.109906759906778,0.0
123,-0.04098484848486982,18.0,-0.9642191142191194,0.0
124,0.007689393939372629,12.0,0.3233100233100288,0.0
125,0.03223484848482713,12.0,0.33368298368297644,0.0
126,-0.0017391304348037834,69.0,-0.15891608391608258,0.0
127,-0.030782828282849704,12.0,-0.3784382284382275,0.0
128,-0.0002637485971031915,459.0,0.15116550116549377,0.0
129,-0.03684343434345532,9.0,-0.4656759906759902,0.0
130,0.006616161616140997,9.0,0.06398601398602466,0.0
131,0.036578282828261324,12.0,0.6729797979797922,0.0
132,-0.0035193278943490263,78.0,-0.3601398601398671,0.0
133,-0.03626112689396068,15.0,-0.6339688956876586,0.0
134,0.0014894953491360213,87.0,0.11840793789438919,0.0
135,0.03542234848158908,15.0,0.6739219115787591,0.0
136,-0.0027294727578969897,33.0,-0.13032488345403692,0.0
137,-0.041284137673047665,27.0,-1.2474488474488652,0.0
138,0.018501683501662754,9.0,0.05857290857291275,0.0
139,0.04291526374857609,18.0,0.8385780885780889,0.0
140,-0.0024133158508364777,1248.0,-2.9086247086247,0.0
141,-0.03344696969699025,15.0,-0.5989510489510508,0.0
142,-2.353076218760773e-05,198.0,0.40276806526806297,0.0
143,-0.027727272727293053,9.0,-0.4567599067598991,0.0
144,-0.002626262626283069,9.0,0.10151515151514445,0.0
145,0.034734848484827816,12.0,0.5776223776223759,0.0
146,0.002136363636343312,45.0,0.02415501165502576,0.0
147,-0.0315577651515357,24.0,-0.7753787878788074,0.0
148,-0.012045454545474527,21.0,-0.40272274022272825,0.0
149,0.04564867424240386,24.0,1.3424922299922315,0.0
150,-0.0007007575757780833,72.0,-0.10606060606060908,0.0
151,-0.0441498316498519,18.0,-0.831002331002324,0.0
152,0.004387626262606202,12.0,-0.03041958041958992,0.0
153,0.037702020201999864,15.0,0.6591880341880483,0.0
154,-0.00012626262628303534,1194.0,-0.024766899766888173,0.0
155,-0.05221531723486911,24.0,-1.5144303613053864,0.0
156,0.002467516013721834,33.0,0.0404878795656316,0.0
157,0.04567749177564695,24.0,1.2426355298212002,0.0
158,-0.002156362725108684,759.0,-1.60244752399295,0.0
159,-0.03922348484850466,12.0,-0.6921620046620092,0.0
160,-0.0006261140820162559,51.0,0.1632575757575978,0.0
161,0.029722222222202912,9.0,0.3615384615384727,0.0
162,0.00011762360444584079,57.0,0.08370240870239343,0.0
163,-0.024826388888908677,9.0,-0.23092220279721687,0.0
164,-0.004606543374945445,51.0,-0.22284706034706403,0.0
165,0.033602693602673823,9.0,0.43495208495208715,0.0
166,-0.003783381762853602,438.0,-1.8043123543123585,0.0
167,-0.0281818181818377,12.0,-0.2668997668997548,0.0
168,-0.018672936259162352,87.0,-1.485897435897428,0.0
169,-0.035863320707089245,24.0,-0.9405011655011606,0.0
170,0.0038462752525063393,24.0,0.5512917637917525,0.0
171,-0.035959595959614614,18.0,-0.8622960372960478,0.0
172,0.01375757575755728,15.0,0.23484848484848442,0.0
173,0.029515151515132725,15.0,0.38356643356644327,0.0
174,0.00011707988978854624,33.0,0.11503496503496535,0.0
175,-0.03709595959597816,18.0,-0.8062548562548528,0.0
176,0.013535353535335233,9.0,0.2286713286713251,0.3333333333333333
177,0.04071969696967822,12.0,0.6055944055944025,1.0
178,-0.00042087542089384926,27.0,-0.3797591297591225,1.0
179,0.05590909090907158,33.0,1.9635198135197953,1.0
180,0.01373106060604137,48.0,0.5560606060606119,1.0
181,0.031195286195266587,27.0,0.8874125874125838,1.0
182,0.0011302211302016104,111.0,0.35675990675990477,0.2702702702702703
183,-0.041546416546436093,21.0,-1.1250712250712382,0.0
184,0.006245117845098352,75.0,0.4690365190365213,0.0
185,0.038999999999980516,15.0,0.6701631701631641,0.0
186,-0.0006798245614230076,228.0,-0.06573426573426389,0.0
187,-0.04707289238541189,39.0,-2.064130082880098,0.0
188,0.0007531548323847275,81.0,0.03163031591660115,0.0
189,0.02788365133522087,15.0,0.5200020140761836,0.0
190,0.011757295173758764,30.0,0.20514313362656367,0.0
191,0.036210016834997166,27.0,1.0079254079253843,0.0
192,-0.00041801948053917345,294.0,-0.010431235431227037,0.0
193,-0.04611111111113055,18.0,-1.2605477855477716,0.0
194,0.019898989898970283,9.0,0.31421911421912796,0.0
195,0.04255050505048508,9.0,0.4033799533799538,0.0
196,-0.009286616161635798,12.0,-0.3350815850815678,0.0
197,-0.04257575757577701,27.0,-1.321328671328672,0.0
198,0.0009877344877151353,105.0,0.6107808857808976,0.0
199,-0.036613636363655465,15.0,-0.7673659673659614,0.0
200,0.0036742424242233967,9.0,0.13045843045843242,0.0
201,0.026515151515132365,9.0,0.15027195027195717,0.0
202,0.005725285643299054,183.0,0.8808857808857766,0.22950819672131148
203,0.033212121212101604,45.0,1.5607226107226069,1.0
204,0.00861952861950882,54.0,0.2236596736596681,1.0
205,0.017070707070687367,9.0,0.2426573426573384,1.0
206,0.005763403263383342,39.0,0.0039335664335737874,0.7692307692307693
207,0.02859848484846489,18.0,0.6109265734265676,0.0
208,-0.0034333196833397266,111.0,-0.3403846153846217,0.0
209,-0.03140467171719167,12.0,-0.5244949494949651,0.0
210,0.004269480519460871,42.0,0.3095109751359786,0.0
211,-0.032533143939413846,24.0,-0.7677156177156235,0.0
212,9.27787522152047e-05,558.0,-0.0007731209181969234,0.0
213,0.036333537639802294,18.0,0.8052598069453438,0.0
214,-0.0013689969094518649,13224.0,-18.223510485020284,0.0
215,-0.022626262626278048,9.0,-0.25967365967365197,0.0
216,-0.020946969696985472,12.0,-0.03694638694638286,0.0
217,-0.018030303030318672,9.0,-0.27692307692308304,0.0
218,0.0019292929292773914,45.0,0.3908508158508113,0.0
219,-0.03193181818183366,21.0,-0.7645979020979041,0.0
220,0.0025416666666511134,30.0,0.28193473193472585,0.0
221,-0.0330934343434494,9.0,-0.43601398601398955,0.0
222,0.007790404040388559,9.0,0.17167832167832842,0.0
223,0.043416666666651046,15.0,0.8577505827505831,0.0
224,-0.004662534435277166,33.0,-0.18745143745142911,0.0
225,-0.03116792929294481,12.0,-0.4121697746697919,0.0
226,0.006366792929277628,12.0,0.15675990675991613,0.0
227,0.033363636363620754,15.0,0.4530303030302889,0.0
228,-0.002863988724469441,1290.0,-3.580186480186498,0.0
229,-0.04200757575759061,24.0,-1.1511655011654938,0.0
230,0.0040735930735785,105.0,0.4649475524475548,0.05714285714285714
231,0.03571969696968168,18.0,0.7133449883449856,1.0
232,0.011621212121197481,15.0,-0.12109557109558011,1.0
233,0.04367965367963899,21.0,1.081351981351986,1.0
234,0.009145805884920952,207.0,1.9941724941725028,0.5797101449275363
235,-0.03748484848486393,15.0,-0.7360139860139867,0.0
236,-0.0013636363636518347,9.0,-0.014568764568764436,0.0
237,0.03426767676766131,18.0,0.7001165501165474,0.0
238,-0.0002070083551720866,729.0,-0.061655011655020076,0.0
239,-0.02848484848486382,12.0,-0.5259906759906698,0.0
240,-0.0006105499438986363,405.0,-0.1519813519813482,0.037037037037037035
241,0.02764069264067757,21.0,0.558508158508161,1.0
242,0.02344155844154283,21.0,0.3900932400932504,1.0
243,0.029242424242408378,12.0,0.3221445221445123,1.0
244,0.01728956228954663,54.0,0.7818181818181813,1.0
245,0.02812121212119643,15.0,0.46048951048950926,1.0
246,0.0011770861770699765,333.0,0.5181818181818159,0.12612612612612611
247,-0.024785353535369405,12.0,-0.41841491841491063,0.0
248,0.00585858585857019,9.0,0.05019425019425228,0.0
249,0.03412878787877198,12.0,0.4498834498834725,0.0
250,-0.0022537878788040054,696.0,-1.5893939393939576,0.0
251,-0.027727272727288196,9.0,-0.2765734265734352,0.0
252,0.003599613152788743,705.0,2.804778554778565,0.2553191489361702
253,-0.04138468013469636,27.0,-1.2202505827505945,0.0
254,-0.0004734848485005236,18.0,-0.10209790209790981,0.0
255,0.0437815656565493,24.0,1.273581973581969,0.0
256,-0.006516955266971809,42.0,-0.27121212121211613,0.0
257,-0.03881628787880376,21.0,-0.9367569930069806,0.0
258,0.00047074915823308106,135.0,-0.020991161616137788,0.0
259,0.03403318903317281,21.0,0.810372960372959,0.0
260,-0.0038344437280769337,423.0,-1.6360139860139782,0.0
261,-0.02878787878789459,12.0,-0.39592074592074766,0.0
262,0.000442952658239171,1686.0,0.7672494172494311,0.10854092526690391
263,0.027545454545438487,15.0,0.41748251748252585,1.0
264,0.0016990193714166186,1131.0,1.97319347319349,0.14323607427055704
265,-0.037151515151531624,15.0,-0.5790209790209815,0.0
266,-0.001727456011746368,744.0,-1.2079254079254156,0.0
267,0.02803030303028688,9.0,0.20303030303031733,0.0
268,-0.0004951958610656331,615.0,-0.30023310023308625,0.0
269,-0.04636363636365206,21.0,-1.3286713286713336,0.0
270,-0.008207941483819106,87.0,-0.3564102564102569,0.0
271,-0.029040404040419437,9.0,-0.22237762237763548,0.0
272,-0.0017950911666909707,1647.0,-2.7040209790209673,0.0
273,-0.031994949494964654,12.0,-0.5736402486402596,0.0
274,-0.00457167832169316,39.0,0.2328088578088625,0.0
275,-0.03591548295456041,15.0,-0.7100542686480225,0.0
276,0.00023151436235909815,228.0,0.04286686982000276,0.0
277,0.050072951739603536,27.0,1.569001985668649,0.0
278,-0.0006464174454978037,642.0,-0.4057109557109584,0.0
279,-0.030037878787893674,12.0,-0.41037296037295334,0.0
280,0.0031628787878640184,12.0,-0.01931818181817846,0.0
281,0.033106060606046,15.0,0.554691142191146,0.0
282,-0.004795008912670894,153.0,-0.7476689976689954,0.0
283,-0.02520202020203505,9.0,-0.25675990675992466,0.0
284,-0.012680871212135781,120.0,-1.4457167832167883,0.0
285,-0.027575757575771614,9.0,-0.2742424242424306,0.0
286,-0.0018417125803629922,198.0,-0.08738344988344693,0.0
287,-0.0366666666666809,18.0,-0.8053613053613162,0.0
288,0.006606060606046638,15.0,0.14370629370628762,0.0
289,0.03308080808079429,18.0,0.6583916083916179,0.0
290,-0.0011095328282968715,90.0,-0.22532051282050958,0.0
291,0.02230744949493556,9.0,0.12315705128204257,0.0
292,-0.001478043029780924,3393.0,-4.94195804195806,0.0
293,-0.04018939393940673,12.0,-0.5608780108780138,0.0
294,-0.0002154882155009752,15.0,0.0915047915047964,0.0
295,0.036632996632983465,12.0,0.4606837606837644,0.0
296,-0.0018051534452936246,942.0,-1.5700466200466323,0.028662420382165606
297,-0.039715909090921375,24.0,-1.1444055944055975,0.0
298,0.00572727272726054,15.0,-0.027855477855482036,0.0
299,0.038813131313118775,18.0,0.9184149184149248,0.0
300,-0.0005588624338749295,168.0,-0.11487956487957973,0.0
301,-0.035585016835029244,12.0,-0.6101010101010118,0.0
302,-0.0033195592286625565,33.0,-0.007925407925412742,0.0
303,0.027070707070694543,15.0,0.4080031080031148,0.0
304,-0.000760468117308778,681.0,-0.42039627039626737,0.0
305,-0.03834343434344657,15.0,-0.811849261849261,0.0
306,0.0042929292929168115,9.0,0.11025641025640454,0.0
307,0.03444444444443197,12.0,0.5825174825174813,0.0
308,-0.005057239057251322,135.0,-0.9087412587412587,0.0
309,0.03026515151513911,12.0,0.3805361305361288,0.0
310,-0.002527195027207278,234.0,-0.8772338772338699,0.0
311,0.03957431457430207,21.0,0.9931235431235379,0.0
312,-6.944444445675557e-05,48.0,0.09895104895105078,0.0
313,-0.04128787878789103,18.0,-1.0036130536130585,0.0
314,0.008464272353149198,9.0,0.14107744107744224,0.0
315,0.03342873176205303,9.0,0.43023828023828514,0.0
316,-0.0030915637860201794,9.0,-0.04995179717402465,0.0
317,-0.03604305497101868,15.0,-0.6574570716063874,0.0
318,0.00532206907654823,33.0,0.15851091781572535,0.0
319,0.03499190424480132,15.0,0.6047650641278537,0.0
320,-0.00883378966781964,33.0,-0.311562665616421,0.0
321,-0.04138845047700411,24.0,-1.121173810757142,0.0
322,0.0067618897306276175,18.0,0.07537878787878327,0.0
323,0.035051557239044726,9.0,0.43181980056979086,0.0
324,-0.01018050879163189,27.0,-0.6226754726754677,0.0
325,0.028552188552176314,9.0,0.33440818440818276,0.0
326,-0.007793911335590092,12.0,-0.057171069671070995,0.0
327,-0.028766835016846994,12.0,-0.5340714840714824,0.0
328,0.01159714428231732,27.0,0.3970258136924727,0.0
329,0.03858164983163774,24.0,1.0616776741776874,0.0
330,-0.0007406586397978393,5844.0,-4.458857808857822,0.0
331,0.029999999999988466,9.0,0.2506993006993028,0.0
332,-0.0017635256676466712,657.0,-1.160839160839167,0.0
333,-0.027424242424253592,15.0,-0.42132867132867347,0.0
334,0.0011309141309033999,555.0,0.6914918414917466,0.0
